{
    "COST_risks_2020": {
        "running_score_positive": 32.99595633149147,
        "running_score_neutral": 8.775290736928582,
        "running_score_negative": 1.2287526419386268,
        "chunks": 43,
        "avg_positive": 0.7673478216625923,
        "avg_neutral": 0.20407652876578097,
        "avg_negative": 0.02857564283578202
    }
}