{
    "MSFT_mda_2020": {
        "running_score_positive": 60.71636343002319,
        "running_score_neutral": 8.04647110402584,
        "running_score_negative": 2.2371654603630304,
        "chunks": 71,
        "avg_positive": 0.8551600483101858,
        "avg_neutral": 0.11333057892994142,
        "avg_negative": 0.03150937268116944
    }
}