{
    "PG_mda_2020": {
        "running_score_positive": 100.53095129132271,
        "running_score_neutral": 15.249402800574899,
        "running_score_negative": 4.2196464776061475,
        "chunks": 120,
        "avg_positive": 0.8377579274276893,
        "avg_neutral": 0.12707835667145748,
        "avg_negative": 0.0351637206467179
    }
}